count,mean,std,min,25%,50%,75%,max,skewness,kurtosis
9011,48.42078237709466,32.86010995167221,9.1,19.05,38.57,70.09,143.95,0.7653045224332105,-0.6104398901218295
