slope,intercept,r_squared,p_value,trend_direction,slope_per_year,is_significant
0.009108410910685717,7.387391224455506,0.5199482631930911,0.0,increasing,2309.5019270580237,True
